{"cameraMode":{"drawMode":0,"name":"Shaded","section":"Shading Mode"},"sceneLighting":false,"audioPlay":false,"sceneViewState":{"showFog":true,"showMaterialUpdate":false,"showSkybox":true,"showFlares":true,"showImageEffects":true,"showParticleSystems":true},"in2DMode":false,"pivot":{"x":5.620275497436523,"y":3.997626543045044,"z":-4.339715480804443},"rotation":{"x":0.059782762080430987,"y":-0.9354398846626282,"z":0.19264385104179383,"w":0.2902872562408447},"size":4.846751689910889,"orthographic":true}