{"cameraMode":{"drawMode":0,"name":"Shaded","section":"Shading Mode"},"sceneLighting":false,"audioPlay":false,"sceneViewState":{"showFog":true,"showMaterialUpdate":false,"showSkybox":true,"showFlares":true,"showImageEffects":true,"showParticleSystems":true},"in2DMode":false,"pivot":{"x":2.6667966842651369,"y":0.45773109793663027,"z":-0.4966111183166504},"rotation":{"x":0.0298794936388731,"y":-0.9498081207275391,"z":0.09577854722738266,"w":0.2963077127933502},"size":23.334524154663087,"orthographic":true}