{"cameraMode":{"drawMode":0,"name":"Shaded","section":"Shading Mode"},"sceneLighting":false,"audioPlay":false,"sceneViewState":{"showFog":true,"showMaterialUpdate":false,"showSkybox":true,"showFlares":true,"showImageEffects":true,"showParticleSystems":true},"in2DMode":false,"pivot":{"x":-3.14816951751709,"y":3.124471426010132,"z":-3.8735883235931398},"rotation":{"x":-0.6045964956283569,"y":0.02007083036005497,"z":-0.015240633860230446,"w":-0.7961332201957703},"size":15.697263717651368,"orthographic":true}