{"cameraMode":{"drawMode":0,"name":"Shaded","section":"Shading Mode"},"sceneLighting":false,"audioPlay":false,"sceneViewState":{"showFog":true,"showMaterialUpdate":false,"showSkybox":true,"showFlares":true,"showImageEffects":true,"showParticleSystems":true},"in2DMode":false,"pivot":{"x":11.3611421585083,"y":1.6281471252441407,"z":-21.490917205810548},"rotation":{"x":-0.025220492854714395,"y":-0.9630054831504822,"z":0.09710916876792908,"w":-0.25010836124420168},"size":30.355634689331056,"orthographic":false}