{"cameraMode":{"drawMode":0,"name":"Shaded","section":"Shading Mode"},"sceneLighting":false,"audioPlay":false,"sceneViewState":{"showFog":true,"showMaterialUpdate":false,"showSkybox":true,"showFlares":true,"showImageEffects":true,"showParticleSystems":true},"in2DMode":false,"pivot":{"x":3.6292009353637697,"y":1.8993427753448487,"z":-4.514405727386475},"rotation":{"x":0.021975217387080194,"y":-0.9780179858207703,"z":-0.1448131799697876,"w":-0.14841507375240327},"size":2.921579599380493,"orthographic":true}