{"cameraMode":{"drawMode":0,"name":"Shaded","section":"Shading Mode"},"sceneLighting":false,"audioPlay":false,"sceneViewState":{"showFog":true,"showMaterialUpdate":false,"showSkybox":true,"showFlares":true,"showImageEffects":true,"showParticleSystems":true},"in2DMode":false,"pivot":{"x":-3.128941297531128,"y":-0.03203452378511429,"z":3.6600747108459474},"rotation":{"x":0.28509822487831118,"y":-0.2514846920967102,"z":0.0777907520532608,"w":0.92164146900177},"size":13.424421310424805,"orthographic":true}