{"cameraMode":{"drawMode":0,"name":"Shaded","section":"Shading Mode"},"sceneLighting":false,"audioPlay":false,"sceneViewState":{"showFog":true,"showMaterialUpdate":false,"showSkybox":true,"showFlares":true,"showImageEffects":true,"showParticleSystems":true},"in2DMode":false,"pivot":{"x":16.77154541015625,"y":5.395838737487793,"z":-14.656262397766114},"rotation":{"x":0.2012147307395935,"y":-0.3075133264064789,"z":0.06669160723686218,"w":0.927631676197052},"size":112.6566390991211,"orthographic":true}