{"cameraMode":{"drawMode":0,"name":"Shaded","section":"Shading Mode"},"sceneLighting":false,"audioPlay":false,"sceneViewState":{"showFog":true,"showMaterialUpdate":false,"showSkybox":true,"showFlares":true,"showImageEffects":true,"showParticleSystems":true},"in2DMode":false,"pivot":{"x":8.337909698486329,"y":5.858977317810059,"z":0.6238068342208862},"rotation":{"x":0.11740820109844208,"y":0.21654635667800904,"z":-0.026254134252667428,"w":0.9688311219215393},"size":30.202608108520509,"orthographic":true}