{"cameraMode":{"drawMode":0,"name":"Shaded","section":"Shading Mode"},"sceneLighting":false,"audioPlay":false,"sceneViewState":{"showFog":true,"showMaterialUpdate":false,"showSkybox":true,"showFlares":true,"showImageEffects":true,"showParticleSystems":true},"in2DMode":false,"pivot":{"x":8.561966896057129,"y":3.093864917755127,"z":26.841318130493165},"rotation":{"x":-0.23907987773418427,"y":0.32358092069625857,"z":-0.08486806601285935,"w":-0.9115555882453919},"size":173.7980194091797,"orthographic":true}