{"cameraMode":{"drawMode":0,"name":"Shaded","section":"Shading Mode"},"sceneLighting":false,"audioPlay":false,"sceneViewState":{"showFog":true,"showMaterialUpdate":false,"showSkybox":true,"showFlares":true,"showImageEffects":true,"showParticleSystems":true},"in2DMode":false,"pivot":{"x":69.468994140625,"y":71.17413330078125,"z":-100.78485870361328},"rotation":{"x":0.14177314937114716,"y":-0.34876444935798647,"z":0.053449153900146487,"w":0.9248821139335632},"size":158.86886596679688,"orthographic":true}