{"cameraMode":{"drawMode":0,"name":"Shaded","section":"Shading Mode"},"sceneLighting":false,"audioPlay":false,"sceneViewState":{"showFog":true,"showMaterialUpdate":false,"showSkybox":true,"showFlares":true,"showImageEffects":true,"showParticleSystems":true},"in2DMode":false,"pivot":{"x":10.390000343322754,"y":3.2200000286102297,"z":34.84000015258789},"rotation":{"x":-0.07181791216135025,"y":0.05742012336850166,"z":-0.004142042249441147,"w":-0.9957550168037415},"size":99.05731964111328,"orthographic":true}