{"cameraMode":{"drawMode":0,"name":"Shaded","section":"Shading Mode"},"sceneLighting":false,"audioPlay":false,"sceneViewState":{"showFog":true,"showMaterialUpdate":false,"showSkybox":true,"showFlares":true,"showImageEffects":true,"showParticleSystems":true},"in2DMode":false,"pivot":{"x":15.507772445678711,"y":9.288412094116211,"z":-5.209367752075195},"rotation":{"x":-0.16439682245254517,"y":0.6157546639442444,"z":-0.13337628543376923,"w":-0.758966863155365},"size":19.588600158691408,"orthographic":false}