{"cameraMode":{"drawMode":0,"name":"Shaded","section":"Shading Mode"},"sceneLighting":false,"audioPlay":false,"sceneViewState":{"showFog":true,"showMaterialUpdate":false,"showSkybox":true,"showFlares":true,"showImageEffects":true,"showParticleSystems":true},"in2DMode":false,"pivot":{"x":21.89022445678711,"y":6.252028465270996,"z":-10.32459831237793},"rotation":{"x":0.06722704321146012,"y":-0.7218567728996277,"z":0.07083224505186081,"w":0.6851176619529724},"size":6.900761127471924,"orthographic":false}