{"cameraMode":{"drawMode":0,"name":"Shaded","section":"Shading Mode"},"sceneLighting":false,"audioPlay":false,"sceneViewState":{"showFog":true,"showMaterialUpdate":false,"showSkybox":true,"showFlares":true,"showImageEffects":true,"showParticleSystems":true},"in2DMode":false,"pivot":{"x":6.449999809265137,"y":2.009999990463257,"z":70.44000244140625},"rotation":{"x":-0.03680200129747391,"y":0.9605630040168762,"z":-0.22775819897651673,"w":-0.15521131455898286},"size":2.8578836917877199,"orthographic":false}