{"cameraMode":{"drawMode":0,"name":"Shaded","section":"Shading Mode"},"sceneLighting":false,"audioPlay":false,"sceneViewState":{"showFog":true,"showMaterialUpdate":false,"showSkybox":true,"showFlares":true,"showImageEffects":true,"showParticleSystems":true},"in2DMode":false,"pivot":{"x":21.68429946899414,"y":5.047059535980225,"z":-1.8088278770446778},"rotation":{"x":0.06722704321146012,"y":-0.7218567728996277,"z":0.07083224505186081,"w":0.6851176619529724},"size":21.81788444519043,"orthographic":false}