{"cameraMode":{"drawMode":0,"name":"Shaded","section":"Shading Mode"},"sceneLighting":false,"audioPlay":false,"sceneViewState":{"showFog":true,"showMaterialUpdate":false,"showSkybox":true,"showFlares":true,"showImageEffects":true,"showParticleSystems":true},"in2DMode":false,"pivot":{"x":10.390000343322754,"y":3.6549999713897707,"z":34.84000015258789},"rotation":{"x":0.2096584141254425,"y":0.7765144109725952,"z":-0.3290473520755768,"w":0.49476924538612368},"size":5.279201030731201,"orthographic":false}