{"cameraMode":{"drawMode":0,"name":"Shaded","section":"Shading Mode"},"sceneLighting":false,"audioPlay":false,"sceneViewState":{"showFog":true,"showMaterialUpdate":false,"showSkybox":true,"showFlares":true,"showImageEffects":true,"showParticleSystems":true},"in2DMode":false,"pivot":{"x":5.390000343322754,"y":6.15500020980835,"z":-1.1920928955078126e-7},"rotation":{"x":0.2477869689464569,"y":-0.05519130080938339,"z":0.014140577055513859,"w":0.96713787317276},"size":6.353780269622803,"orthographic":false}