{"cameraMode":{"drawMode":0,"name":"Shaded","section":"Shading Mode"},"sceneLighting":false,"audioPlay":false,"sceneViewState":{"showFog":true,"showMaterialUpdate":false,"showSkybox":true,"showFlares":true,"showImageEffects":true,"showParticleSystems":true},"in2DMode":false,"pivot":{"x":6.449999809265137,"y":2.009999990463257,"z":70.44000244140625},"rotation":{"x":-0.14399245381355287,"y":0.6454541087150574,"z":-0.12568025290966035,"w":-0.739499568939209},"size":2.8578836917877199,"orthographic":false}