{"cameraMode":{"drawMode":0,"name":"Shaded","section":"Shading Mode"},"sceneLighting":true,"audioPlay":false,"sceneViewState":{"showFog":true,"showMaterialUpdate":false,"showSkybox":true,"showFlares":true,"showImageEffects":true,"showParticleSystems":true},"in2DMode":false,"pivot":{"x":9.155348777770996,"y":8.067543029785157,"z":49.31278991699219},"rotation":{"x":-0.500895082950592,"y":0.4966815710067749,"z":-0.534773588180542,"w":-0.465219110250473},"size":519.5309448242188,"orthographic":false}