{"cameraMode":{"drawMode":0,"name":"Shaded","section":"Shading Mode"},"sceneLighting":false,"audioPlay":false,"sceneViewState":{"showFog":true,"showMaterialUpdate":false,"showSkybox":true,"showFlares":true,"showImageEffects":true,"showParticleSystems":true},"in2DMode":false,"pivot":{"x":8.224916458129883,"y":21.966712951660158,"z":6.903010368347168},"rotation":{"x":-0.354470819234848,"y":0.604089081287384,"z":-0.34172868728637698,"w":-0.6266166567802429},"size":1602.6846923828125,"orthographic":false}