{"cameraMode":{"drawMode":0,"name":"Shaded","section":"Shading Mode"},"sceneLighting":false,"audioPlay":false,"sceneViewState":{"showFog":true,"showMaterialUpdate":false,"showSkybox":true,"showFlares":true,"showImageEffects":true,"showParticleSystems":true},"in2DMode":false,"pivot":{"x":10.202485084533692,"y":12.171375274658204,"z":13.941561698913575},"rotation":{"x":-0.0331144742667675,"y":0.9568754434585571,"z":-0.2620541751384735,"w":-0.12091530859470368},"size":0.7428920269012451,"orthographic":false}