{"cameraMode":{"drawMode":0,"name":"Shaded","section":"Shading Mode"},"sceneLighting":true,"audioPlay":false,"sceneViewState":{"showFog":true,"showMaterialUpdate":false,"showSkybox":true,"showFlares":true,"showImageEffects":true,"showParticleSystems":true},"in2DMode":false,"pivot":{"x":1.2594186067581177,"y":-9.235023498535157,"z":67.08390045166016},"rotation":{"x":-0.07686270773410797,"y":0.9187591075897217,"z":-0.3165569305419922,"w":-0.22308219969272614},"size":135.6600799560547,"orthographic":false}