{"cameraMode":{"drawMode":0,"name":"Shaded","section":"Shading Mode"},"sceneLighting":true,"audioPlay":false,"sceneViewState":{"showFog":true,"showMaterialUpdate":false,"showSkybox":true,"showFlares":true,"showImageEffects":true,"showParticleSystems":true},"in2DMode":false,"pivot":{"x":3.0325238704681398,"y":1.8620376586914063,"z":2.9922432899475099},"rotation":{"x":-0.0331144742667675,"y":0.9568754434585571,"z":-0.2620541751384735,"w":-0.12091530859470368},"size":17.74038314819336,"orthographic":false}