{"cameraMode":{"drawMode":0,"name":"Shaded","section":"Shading Mode"},"sceneLighting":false,"audioPlay":false,"sceneViewState":{"showFog":true,"showMaterialUpdate":false,"showSkybox":true,"showFlares":true,"showImageEffects":true,"showParticleSystems":true},"in2DMode":false,"pivot":{"x":-59.279998779296878,"y":22.399999618530275,"z":46.68000030517578},"rotation":{"x":0.20494185388088227,"y":-0.7938311100006104,"z":0.4288603365421295,"w":0.37935465574264529},"size":270.427734375,"orthographic":false}