{"cameraMode":{"drawMode":0,"name":"Shaded","section":"Shading Mode"},"sceneLighting":false,"audioPlay":false,"sceneViewState":{"showFog":true,"showMaterialUpdate":false,"showSkybox":true,"showFlares":true,"showImageEffects":true,"showParticleSystems":true},"in2DMode":false,"pivot":{"x":5.444512367248535,"y":0.5554361343383789,"z":1.2888174057006837},"rotation":{"x":-0.28703638911247256,"y":0.4521743655204773,"z":-0.15639835596084596,"w":-0.8298723101615906},"size":14.21399974822998,"orthographic":false}