{"cameraMode":{"drawMode":0,"name":"Shaded","section":"Shading Mode"},"sceneLighting":false,"audioPlay":false,"sceneViewState":{"showFog":true,"showMaterialUpdate":false,"showSkybox":true,"showFlares":true,"showImageEffects":true,"showParticleSystems":true},"in2DMode":false,"pivot":{"x":5.4900054931640629,"y":1.87855863571167,"z":0.6235661506652832},"rotation":{"x":-0.24850837886333466,"y":0.40476366877555849,"z":-0.11529675871133805,"w":-0.8724200129508972},"size":5.5686469078063969,"orthographic":false}