{"cameraMode":{"drawMode":0,"name":"Shaded","section":"Shading Mode"},"sceneLighting":false,"audioPlay":false,"sceneViewState":{"showFog":true,"showMaterialUpdate":false,"showSkybox":true,"showFlares":true,"showImageEffects":true,"showParticleSystems":true},"in2DMode":false,"pivot":{"x":5.767919540405273,"y":10.483282089233399,"z":1.6185417175292969},"rotation":{"x":0.026940587908029558,"y":-0.06443176418542862,"z":-0.0017400815850123764,"w":-0.9975569248199463},"size":48.76533508300781,"orthographic":false}