{"cameraMode":{"drawMode":0,"name":"Shaded","section":"Shading Mode"},"sceneLighting":false,"audioPlay":false,"sceneViewState":{"showFog":true,"showMaterialUpdate":false,"showSkybox":true,"showFlares":true,"showImageEffects":true,"showParticleSystems":true},"in2DMode":false,"pivot":{"x":-33.20362091064453,"y":-52.12928771972656,"z":196.15170288085938},"rotation":{"x":-0.15261265635490418,"y":-0.0376356765627861,"z":0.005814563482999802,"w":-0.9875521063804627},"size":480.92828369140627,"orthographic":false}