{"cameraMode":{"drawMode":0,"name":"Shaded","section":"Shading Mode"},"sceneLighting":false,"audioPlay":false,"sceneViewState":{"showFog":true,"showMaterialUpdate":false,"showSkybox":true,"showFlares":true,"showImageEffects":true,"showParticleSystems":true},"in2DMode":false,"pivot":{"x":17.079627990722658,"y":-13.737269401550293,"z":36.344017028808597},"rotation":{"x":-0.052193526178598407,"y":-0.9328604340553284,"z":0.32299333810806277,"w":-0.15074020624160767},"size":204.53369140625,"orthographic":false}