{"cameraMode":{"drawMode":0,"name":"Shaded","section":"Shading Mode"},"sceneLighting":false,"audioPlay":false,"sceneViewState":{"showFog":true,"showMaterialUpdate":false,"showSkybox":true,"showFlares":true,"showImageEffects":true,"showParticleSystems":true},"in2DMode":false,"pivot":{"x":-1.2043030261993409,"y":6.329678058624268,"z":-4.855442047119141},"rotation":{"x":-0.25037747621536257,"y":-0.05572295933961868,"z":0.014436510391533375,"w":-0.9664356112480164},"size":22.989999771118165,"orthographic":true}