{"cameraMode":{"drawMode":0,"name":"Shaded","section":"Shading Mode"},"sceneLighting":false,"audioPlay":false,"sceneViewState":{"showFog":true,"showMaterialUpdate":false,"showSkybox":true,"showFlares":true,"showImageEffects":true,"showParticleSystems":true},"in2DMode":false,"pivot":{"x":10.50788402557373,"y":3.3474440574645998,"z":34.797119140625},"rotation":{"x":-0.014031426049768925,"y":-0.9765840768814087,"z":0.2038886547088623,"w":-0.0672016441822052},"size":7.659083843231201,"orthographic":false}