{"cameraMode":{"drawMode":0,"name":"Shaded","section":"Shading Mode"},"sceneLighting":false,"audioPlay":false,"sceneViewState":{"showFog":true,"showMaterialUpdate":false,"showSkybox":true,"showFlares":true,"showImageEffects":true,"showParticleSystems":true},"in2DMode":false,"pivot":{"x":1.6892662048339844,"y":-9.325347900390625,"z":34.8977165222168},"rotation":{"x":0.06567040830850601,"y":-0.9336813688278198,"z":0.23029069602489472,"w":0.26625680923461916},"size":47.046485900878909,"orthographic":false}