{"cameraMode":{"drawMode":0,"name":"Shaded","section":"Shading Mode"},"sceneLighting":false,"audioPlay":false,"sceneViewState":{"showFog":true,"showMaterialUpdate":false,"showSkybox":true,"showFlares":true,"showImageEffects":true,"showParticleSystems":true},"in2DMode":false,"pivot":{"x":8.850000381469727,"y":-2.200000047683716,"z":0.15999998152256013},"rotation":{"x":-0.380920946598053,"y":0.19922178983688355,"z":-0.08442021906375885,"w":-0.8989344835281372},"size":40000.0,"orthographic":false}