{"cameraMode":{"drawMode":0,"name":"Shaded","section":"Shading Mode"},"sceneLighting":false,"audioPlay":false,"sceneViewState":{"showFog":true,"showMaterialUpdate":false,"showSkybox":true,"showFlares":true,"showImageEffects":true,"showParticleSystems":true},"in2DMode":false,"pivot":{"x":56.98126983642578,"y":-69.44464874267578,"z":52.76347351074219},"rotation":{"x":-0.32693085074424746,"y":-0.3740095794200897,"z":0.14283499121665955,"w":-0.8560556769371033},"size":117.54501342773438,"orthographic":false}