{"cameraMode":{"drawMode":0,"name":"Shaded","section":"Shading Mode"},"sceneLighting":false,"audioPlay":false,"sceneViewState":{"showFog":true,"showMaterialUpdate":false,"showSkybox":true,"showFlares":true,"showImageEffects":true,"showParticleSystems":true},"in2DMode":false,"pivot":{"x":-46.97590637207031,"y":0.5000000596046448,"z":-47.49626159667969},"rotation":{"x":-0.32693085074424746,"y":-0.3740095794200897,"z":0.14283499121665955,"w":-0.8560556769371033},"size":206.90567016601563,"orthographic":false}