{"cameraMode":{"drawMode":0,"name":"Shaded","section":"Shading Mode"},"sceneLighting":false,"audioPlay":false,"sceneViewState":{"showFog":true,"showMaterialUpdate":false,"showSkybox":true,"showFlares":true,"showImageEffects":true,"showParticleSystems":true},"in2DMode":false,"pivot":{"x":2.2306153774261476,"y":2.4784233570098879,"z":2.478461742401123},"rotation":{"x":-0.24531622231006623,"y":0.6277216076850891,"z":-0.21817131340503694,"w":-0.7058234810829163},"size":19.914920806884767,"orthographic":false}