{"cameraMode":{"drawMode":0,"name":"Shaded","section":"Shading Mode"},"sceneLighting":false,"audioPlay":false,"sceneViewState":{"showFog":true,"showMaterialUpdate":false,"showSkybox":true,"showFlares":true,"showImageEffects":true,"showParticleSystems":true},"in2DMode":false,"pivot":{"x":-13.03427791595459,"y":9.52906322479248,"z":4.1093244552612309},"rotation":{"x":0.026940587908029558,"y":-0.06443176418542862,"z":-0.0017400815850123764,"w":-0.9975569248199463},"size":31.401350021362306,"orthographic":false}