{"cameraMode":{"drawMode":0,"name":"Shaded","section":"Shading Mode"},"sceneLighting":false,"audioPlay":false,"sceneViewState":{"showFog":true,"showMaterialUpdate":false,"showSkybox":true,"showFlares":true,"showImageEffects":true,"showParticleSystems":true},"in2DMode":false,"pivot":{"x":82.66898345947266,"y":14.05859375,"z":-11.964680671691895},"rotation":{"x":-0.5204871296882629,"y":-0.4784480035305023,"z":0.4764680564403534,"w":-0.5226460099220276},"size":299.1830749511719,"orthographic":false}