{"cameraMode":{"drawMode":0,"name":"Shaded","section":"Shading Mode"},"sceneLighting":true,"audioPlay":false,"sceneViewState":{"showFog":true,"showMaterialUpdate":true,"showSkybox":true,"showFlares":true,"showImageEffects":true,"showParticleSystems":true},"in2DMode":false,"pivot":{"x":8.8512601852417,"y":8.25798225402832,"z":-5.26035213470459},"rotation":{"x":-0.1028362512588501,"y":0.5253322720527649,"z":-0.06414306908845902,"w":-0.8422211408615112},"size":37.3601188659668,"orthographic":false}